"","contrast","estimate","SE","df","t.ratio","p.value"
"1","Depth1 - Depth2",-16.6354509784256,3.86454662739274,52.572510324988,-4.30463197429419,0.000674672819410582
