"","contrast","estimate","SE","df","t.ratio","p.value"
"1","Depth1 - Depth2",-11.3615533515072,3.31649034907705,51.9281710070151,-3.42577609329364,0.0101569972248672
