"","Estimate","Std. Error","df","t value","Pr(>|t|)"
"(Intercept)",0.0871309697536495,0.0218450548983215,50.2070743930056,3.98859010239175,0.000216070485458435
