"","Estimate","Std. Error","df","t value","Pr(>|t|)"
"(Intercept)",23.4473655960415,2.11833664648879,6.23153763105288,11.0687626704217,2.49869241474982e-05
