"","Estimate","Std. Error","df","t value","Pr(>|t|)"
"(Intercept)",0.0649725678747352,0.0168117033542869,50.0915259669784,3.86472247966282,0.000320794506844932
