"","Estimate","Std. Error","df","t value","Pr(>|t|)"
"(Intercept)",-0.659219954461228,2.52397144879714,5.42167200618141,-0.26118360204724,0.803585282540813
