"","Estimate","Std. Error","df","t value","Pr(>|t|)"
"(Intercept)",0.514224877060071,0.0356576148921514,4.43010385580573,14.4211798409786,6.83342652200577e-05
