"","Estimate","Std. Error","df","t value","Pr(>|t|)"
"(Intercept)",27.0680023548699,3.47335048516133,4.67184007107287,7.79305240588545,0.000755236509458948
