"","Estimate","Std. Error","df","t value","Pr(>|t|)"
"(Intercept)",-0.429004684186776,0.812512339265504,50.0080257693269,-0.527997746562948,0.599836130465942
