"","Estimate","Std. Error","df","t value","Pr(>|t|)"
"(Intercept)",-0.00870440160169406,0.0168932575968437,49.9999999997999,-0.515258916274406,0.608642793048027
