"","Estimate","Std. Error","df","t value","Pr(>|t|)"
"(Intercept)",-0.401095047280847,0.812596177119395,49.9999999986276,-0.493597014820701,0.623752090835852
