"","Estimate","Std. Error","df","t value","Pr(>|t|)"
"(Intercept)",-0.522638906183944,2.31782610730999,5.45303017553842,-0.225486676733702,0.829810783090065
