"","Estimate","Std. Error","df","t value","Pr(>|t|)"
"(Intercept)",-1.52206157316793,1.36435237314968,50.9133213289228,-1.11559271865682,0.26983445694091
