"","Estimate","Std. Error","df","t value","Pr(>|t|)"
"(Intercept)",23.1001320624325,1.63971840416381,6.72389093260851,14.0878653333239,3.06662430046671e-06
