"","Estimate","Std. Error","df","t value","Pr(>|t|)"
"(Intercept)",-0.00923156211707393,0.0169001963416191,50.0540672081586,-0.546239932984677,0.587327675300722
