"","Estimate","Std. Error","df","t value","Pr(>|t|)"
"(Intercept)",0.087825777242438,0.0344223510238638,5.78843331965446,2.55141716443341,0.0448088845489101
