"","Estimate","Std. Error","df","t value","Pr(>|t|)"
"(Intercept)",0.0667754575161999,0.0272894522533904,5.31661755467527,2.4469328624177,0.0552191866748138
