"","Estimate","Std. Error","df","t value","Pr(>|t|)"
"(Intercept)",-1.43955146907473,1.47967449057865,50.555217911215,-0.972883886449767,0.335243129579708
