"","Estimate","Std. Error","df","t value","Pr(>|t|)"
"(Intercept)",25.9350657690014,3.17441757168467,5.94232388023963,8.17002337699311,0.000190240707901683
