"","Estimate","Std. Error","df","t value","Pr(>|t|)"
"(Intercept)",24.8984704752353,3.4513610682894,4.8295180067653,7.21410191011273,0.00092248834165233
