"","Estimate","Std. Error","df","t value","Pr(>|t|)"
"(Intercept)",0.419345014838252,0.0534659479346017,5.97759487732158,7.84321668347084,0.000231283599330214
