"","Estimate","Std. Error","df","t value","Pr(>|t|)"
"(Intercept)",28.0484860015688,3.38914389153376,6.04173769449437,8.27597968667994,0.000162485559305088
